model,setting,features_used,acc,precision_macro,recall_macro,f1_macro
COMB_GX,full,"VOC,Temperature,Humidity",0.9770114942528736,0.9773876475654862,0.9770094691907042,0.9771357449066368
COMB_GX,w/o_VOC,"Temperature,Humidity",0.9272030651340997,0.9281839186878962,0.9272860926830453,0.9271747030208183
COMB_GX,w/o_Temperature,"VOC,Humidity",0.9655172413793104,0.9658575867386862,0.9656022939904255,0.9657086413676895
COMB_GX,w/o_Humidity,"VOC,Temperature",0.9348659003831418,0.9389647172117258,0.9346836447878949,0.9356485756626652
COMB_GX,VOC_only,VOC,0.8314176245210728,0.8402632167464962,0.8320626068220295,0.8323555396726129
COMB_GX,Temperature_only,Temperature,0.7739463601532567,0.7742748394922309,0.7734360444865658,0.7700487087583863
COMB_GX,Humidity_only,Humidity,0.6819923371647509,0.7056454073848032,0.6809980316395713,0.6803107813100224
