model,setting,features_used,acc,precision_macro,recall_macro,f1_macro
COMB_SG,full,"VOC,Temperature,Humidity",0.9770114942528736,0.9770975593950735,0.9770975593950735,0.9770975593950735
COMB_SG,w/o_VOC,"Temperature,Humidity",0.8544061302681992,0.8595796491499028,0.8542643759163407,0.8543777020823113
COMB_SG,w/o_Temperature,"VOC,Humidity",0.9042145593869731,0.9105321507760532,0.9042074716693803,0.9056553305408537
COMB_SG,w/o_Humidity,"VOC,Temperature",0.9195402298850575,0.9231019876181167,0.9196212323718337,0.9205339875909576
COMB_SG,VOC_only,VOC,0.7164750957854407,0.8231853138225661,0.7190438871473354,0.6984046293414484
COMB_SG,Temperature_only,Temperature,0.7662835249042146,0.7653916718202433,0.7664323669736661,0.7633135568401065
COMB_SG,Humidity_only,Humidity,0.6130268199233716,0.617095322977676,0.6129549302163576,0.6129896018224673
