model,setting,features_used,acc,precision_macro,recall_macro,f1_macro
COMBINED3,full,"VOC,Temperature,Humidity",0.9846743295019157,0.9847168558074734,0.9847614071752003,0.9847171133298301
COMBINED3,w/o_VOC,"Temperature,Humidity",0.9348659003831418,0.93652217787055,0.9350380306675414,0.9348229214166287
COMBINED3,w/o_Temperature,"VOC,Humidity",0.9655172413793104,0.9658575867386862,0.9656022939904255,0.9657086413676895
COMBINED3,w/o_Humidity,"VOC,Temperature",0.9386973180076629,0.9421221471250857,0.938559613780143,0.9394085170300004
COMBINED3,VOC_only,VOC,0.8314176245210728,0.8402632167464962,0.8320626068220295,0.8323555396726129
COMBINED3,Temperature_only,Temperature,0.7739463601532567,0.7742748394922309,0.7734360444865658,0.7700487087583863
COMBINED3,Humidity_only,Humidity,0.6819923371647509,0.7056454073848032,0.6809980316395713,0.6803107813100224
