model,setting,features_used,acc,precision_macro,recall_macro,f1_macro
XGB,full,"VOC,Temperature,Humidity",0.9846743295019157,0.9847168558074734,0.9848049460118427,0.9846960967630691
XGB,w/o_VOC,"Temperature,Humidity",0.9386973180076629,0.9400682771613301,0.9389139996597895,0.9385266251203324
XGB,w/o_Temperature,"VOC,Humidity",0.9655172413793104,0.9658575867386862,0.9656022939904255,0.9657086413676895
XGB,w/o_Humidity,"VOC,Temperature",0.946360153256705,0.951000942545693,0.9461353713559006,0.9470814313547676
XGB,VOC_only,VOC,0.8314176245210728,0.8402632167464962,0.8320626068220295,0.8323555396726129
XGB,Temperature_only,Temperature,0.7739463601532567,0.7742748394922309,0.7734360444865658,0.7700487087583863
XGB,Humidity_only,Humidity,0.6819923371647509,0.7056454073848032,0.6809980316395713,0.6803107813100224
