{
  "svm_acc": 0.9770114942528736,
  "svm_precision_macro": 0.9770975593950735,
  "svm_recall_macro": 0.9770975593950735,
  "svm_f1_macro": 0.9770975593950735,
  "gbc_acc": 0.9770114942528736,
  "gbc_precision_macro": 0.9773876475654862,
  "gbc_recall_macro": 0.9770094691907042,
  "gbc_f1_macro": 0.9771357449066368,
  "comb_svm_gbc_acc": 0.9770114942528736,
  "comb_svm_gbc_precision_macro": 0.9770975593950735,
  "comb_svm_gbc_recall_macro": 0.9770975593950735,
  "comb_svm_gbc_f1_macro": 0.9770975593950735,
  "combined3_acc": 0.9846743295019157,
  "combined3_precision_macro": 0.9847168558074734,
  "combined3_recall_macro": 0.9847614071752003,
  "combined3_f1_macro": 0.9847171133298301,
  "xgb_acc": 0.9846743295019157,
  "xgb_precision_macro": 0.9847168558074734,
  "xgb_recall_macro": 0.9848049460118427,
  "xgb_f1_macro": 0.9846960967630691,
  "comb_svm_xgb_acc": 0.9770114942528736,
  "comb_svm_xgb_precision_macro": 0.9770975593950735,
  "comb_svm_xgb_recall_macro": 0.9770975593950735,
  "comb_svm_xgb_f1_macro": 0.9770975593950735,
  "comb_gbc_xgb_acc": 0.9770114942528736,
  "comb_gbc_xgb_precision_macro": 0.9773876475654862,
  "comb_gbc_xgb_recall_macro": 0.9770094691907042,
  "comb_gbc_xgb_f1_macro": 0.9771357449066368
}