model,setting,features_used,acc,precision_macro,recall_macro,f1_macro
COMB_GX,full,"VOC,Temperature,Humidity",0.99375,0.9972677595628415,0.9904761904761905,0.993797340013121
COMB_GX,w/o_VOC,"Temperature,Humidity",0.98125,0.9787037037037036,0.9849665486029123,0.9817661153643855
COMB_GX,w/o_Temperature,"VOC,Humidity",0.99375,0.9972677595628415,0.9904761904761905,0.993797340013121
COMB_GX,w/o_Humidity,"VOC,Temperature",1.0,1.0,1.0,1.0
COMB_GX,VOC_only,VOC,1.0,1.0,1.0,1.0
COMB_GX,Temperature_only,Temperature,0.88125,0.8190796857463525,0.6849665486029123,0.7342901524644946
COMB_GX,Humidity_only,Humidity,0.95625,0.9471264367816093,0.9739472648563559,0.959043600562588
