model,setting,features_used,acc,precision_macro,recall_macro,f1_macro
XGB,full,"VOC,Temperature,Humidity",0.99375,0.9972677595628415,0.9904761904761905,0.993797340013121
XGB,w/o_VOC,"Temperature,Humidity",0.9875,0.9945799457994581,0.980952380952381,0.9874638379942141
XGB,w/o_Temperature,"VOC,Humidity",0.99375,0.9972677595628415,0.9904761904761905,0.993797340013121
XGB,w/o_Humidity,"VOC,Temperature",1.0,1.0,1.0,1.0
XGB,VOC_only,VOC,1.0,1.0,1.0,1.0
XGB,Temperature_only,Temperature,0.89375,0.8515754560530681,0.851633215269579,0.8202020202020203
XGB,Humidity_only,Humidity,0.95,0.8791777188328913,0.9644234553325463,0.9170816386006259
