model,setting,features_used,acc,precision_macro,recall_macro,f1_macro
COMB_SX,full,"VOC,Temperature,Humidity",0.9875,0.9306010928961749,0.980952380952381,0.9517872992818527
COMB_SX,w/o_VOC,"Temperature,Humidity",0.9875,0.9306010928961749,0.980952380952381,0.9517872992818527
COMB_SX,w/o_Temperature,"VOC,Humidity",1.0,1.0,1.0,1.0
COMB_SX,w/o_Humidity,"VOC,Temperature",1.0,1.0,1.0,1.0
COMB_SX,VOC_only,VOC,1.0,1.0,1.0,1.0
COMB_SX,Temperature_only,Temperature,0.8875,0.8919708029197081,0.8353404171585991,0.8327889100157638
COMB_SX,Humidity_only,Humidity,0.89375,0.8258394758394759,0.9260920897284534,0.8682444994099293
