{
  "svm_acc": 0.9875,
  "svm_precision_macro": 0.9885794282346007,
  "svm_recall_macro": 0.9358974358974358,
  "svm_f1_macro": 0.9597069597069597,
  "gbc_acc": 0.99375,
  "gbc_precision_macro": 0.9916666666666667,
  "gbc_recall_macro": 0.9444444444444445,
  "gbc_f1_macro": 0.9654775604142692,
  "comb_svm_gbc_acc": 0.9875,
  "comb_svm_gbc_precision_macro": 0.9885794282346007,
  "comb_svm_gbc_recall_macro": 0.9358974358974358,
  "comb_svm_gbc_f1_macro": 0.9597069597069597,
  "combined3_acc": 0.9875,
  "combined3_precision_macro": 0.9885794282346007,
  "combined3_recall_macro": 0.9358974358974358,
  "combined3_f1_macro": 0.9597069597069597,
  "xgb_acc": 0.98125,
  "xgb_precision_macro": 0.9915254237288136,
  "xgb_recall_macro": 0.9273504273504273,
  "xgb_f1_macro": 0.9566331943788461,
  "comb_svm_xgb_acc": 0.9875,
  "comb_svm_xgb_precision_macro": 0.9885794282346007,
  "comb_svm_xgb_recall_macro": 0.9358974358974358,
  "comb_svm_xgb_f1_macro": 0.9597069597069597,
  "comb_gbc_xgb_acc": 0.99375,
  "comb_gbc_xgb_precision_macro": 0.9916666666666667,
  "comb_gbc_xgb_recall_macro": 0.9444444444444445,
  "comb_gbc_xgb_f1_macro": 0.9654775604142692
}