{
  "model_type": "DecisionTreeClassifier",
  "features": [
    "VOC"
  ],
  "target": "Remaining_Days",
  "train_samples": 638,
  "test_samples": 160,
  "train_accuracy": 0.9843260188087775,
  "test_accuracy": 0.99375,
  "random_state": 42,
  "test_size": 0.2,
  "target_distribution": {
    "0": 15,
    "1": 7,
    "2": 38,
    "3": 2,
    "4": 29,
    "5": 107,
    "6": 4,
    "7": 2,
    "8": 21,
    "9": 91,
    "10": 482
  },
  "confusion_matrix": [
    [
      3,
      0,
      0,
      0,
      0,
      0,
      0,
      0,
      0
    ],
    [
      1,
      0,
      0,
      0,
      0,
      0,
      0,
      0,
      0
    ],
    [
      0,
      0,
      8,
      0,
      0,
      0,
      0,
      0,
      0
    ],
    [
      0,
      0,
      0,
      6,
      0,
      0,
      0,
      0,
      0
    ],
    [
      0,
      0,
      0,
      0,
      22,
      0,
      0,
      0,
      0
    ],
    [
      0,
      0,
      0,
      0,
      0,
      1,
      0,
      0,
      0
    ],
    [
      0,
      0,
      0,
      0,
      0,
      0,
      4,
      0,
      0
    ],
    [
      0,
      0,
      0,
      0,
      0,
      0,
      0,
      18,
      0
    ],
    [
      0,
      0,
      0,
      0,
      0,
      0,
      0,
      0,
      97
    ]
  ],
  "classification_report": "              precision    recall  f1-score   support\n\n           0       0.75      1.00      0.86         3\n           1       0.00      0.00      0.00         1\n           2       1.00      1.00      1.00         8\n           4       1.00      1.00      1.00         6\n           5       1.00      1.00      1.00        22\n           6       1.00      1.00      1.00         1\n           8       1.00      1.00      1.00         4\n           9       1.00      1.00      1.00        18\n          10       1.00      1.00      1.00        97\n\n    accuracy                           0.99       160\n   macro avg       0.86      0.89      0.87       160\nweighted avg       0.99      0.99      0.99       160\n"
}